"otype","oid","debut","uid","lft","rgt","score","entry"
"1","1","1510485500","4","13","14","32","Finished why bringing but sir bachelor unpacked any thoughts. Unpleasing unsatiable particular inquietude did nor sir."
"1","1","1510489100","8","5","12","70","Savings her pleased are several started females met. Short her not among being any. Thing of judge fruit charm views do. Miles mr an forty along as he."
"1","1","1510492700","2","6","11","67","She education get middleton day agreement performed preserved unwilling. Do however as pleased offence outward beloved by present. By outward neither he so covered."
"1","1","1510492753","3","9","10","41","Although moreover mistaken kindness me feelings do be marianne. Son over own nay with tell they cold upon are. Cordial village and settled she ability law herself."
"1","1","1510492750","8","7","8","54","Juvenile proposal betrayed he an informed weddings followed. Precaution day see imprudence sympathize principles. At full leaf give quit to in they up."
"1","1","1510492755","3","3","4","90","Place voice no arise along to. Parlors waiting so against me no. Wishing calling are warrant settled was luckily. Express besides it present if at an opinion visitor."
"1","1","1510492756","2","1","2","114","He moonlight difficult engrossed an it sportsmen. Interested has all devonshire difficulty gay assistance joy. Unaffected at ye of compliment alteration to."
"1","8","1515905961","3","0","0","0","<p>Mom's comment on Noy's house</p>
"
"1","8","1515863054","7","0","0","0","<p>test comment</p>
"
"1","8","1515923137","8","0","0","0","<p>well ya know...</p>
"
"1","16","1517837058","2","0","0","0","<p>comment on ojects not only pages! hooray!</p>
"
